id,selector,mode,value
meta.title,title,text,"MGCB and MGFX support — Yotsuba Framework"
meta.description,meta[name=description],attr:content,"MGCB and MGFX DesktopVK compatibility notes for Yotsuba Framework."
article.eyebrow,#mgfx .eyebrow,html,"<span>CAPABILITY / 03</span> Shader compatibility"
article.title,#mgfx h1,html,"MGCB and MGFX support<br /><em>with DesktopVK Profile</em>"
article.intro,#mgfx .article-intro,text,"Keep the shader workflow you already know while Yotsuba handles the platform-specific graphics backend underneath."
article.image-alt,#mgfx .article-cover,attr:alt,"MGCB and MGFX support with DesktopVK Profile"
article.lead,#mgfx .article-lead,text,"Yotsuba Framework supports MonoGame effects compiled with the DesktopVK profile on Apple platforms through the Metal backend."
article.body,#mgfx .article-body > p:not(.article-lead),html,"This gives existing projects a familiar content path: author effects in the MGFX and <code>.fx</code> workflow, build them through MGCB, and let Yotsuba provide the runtime translation to the target graphics API."
article.callout-label,#mgfx .article-callout span,text,"03 / WHY IT MATTERS"
article.callout,#mgfx .article-callout strong,text,"Preserve your content pipeline while changing the rendering destination."
article.subheading,#mgfx .article-body h2,text,"Compatibility at the boundary"
article.subtext,#mgfx .article-body h2 + p,text,"The framework is designed to keep game code and content libraries useful across targets. Your project can continue to think in MonoGame terms while the backend focuses on delivering a native Metal path for Apple hardware."
article.tags,#mgfx .article-tags,html,"<span>MGFX</span><span>DESKTOPVK</span><span>METAL</span>"
