key,type,code,title,subtitle,description,platforms,action,href,image,image_alt,fit,open
shader-mgfx,shader,01 / EFFECT,MGFX,MonoGame workflow,"Keep the MonoGame effect workflow you already know and reuse existing shader assets inside the Yotsuba framework model.",Windows / DX12|Linux / Vulkan|Android / Vulkan|Apple / Metal,,,assets/mgfx shader languaje.png,MGFX shader workflow,,
shader-fnafx,shader,02 / EFFECT,FNAFX,FNA workflow,"Use FNA effect workflows when compatibility matters, without giving up the wider set of native graphics backends.",Windows / DX12|Linux / Vulkan|Android / Vulkan|Apple / Metal,,,assets/fnafx shader languaje.png,FNAFX shader workflow,,
shader-slang,shader,03 / MODERN,Slang,Full feature set,"Use Slang with its complete language feature set, including interfaces and advanced features, while Yotsuba handles the platform-specific path underneath.",Windows / DX12|Linux / Vulkan|Android / Vulkan|Apple / Metal,,,assets/slang shader languaje.png,Slang shader language support,,true
shader-hlsl,shader,04 / NATIVE,HLSL,Direct input,"Write or bring native HLSL directly into the pipeline for projects that need close control over the DirectX shader path.",Windows / DX12|Linux / Vulkan|Android / Vulkan|Apple / Metal,,,assets/hlsl shader languaje.png,Native HLSL shader input,,
shader-glsl,shader,05 / NATIVE,GLSL,Direct input,"Use GLSL directly when your tools or existing assets are already built around the Vulkan and OpenGL shader ecosystem.",Windows / DX12|Linux / Vulkan|Android / Vulkan|Apple / Metal,,,assets/glsl shader languaje.png,GLSL shader input,,
shader-msl,shader,06 / APPLE,MSL,Metal-specific,"Choose Metal Shading Language for a platform-specific Apple implementation when that extra level of control is worth it.",Apple / Metal,,,assets/metal shader languaje.png,Metal Shading Language support,,
shader-spirv,shader,07 / BINARY,SPIR-V,Compiled input,"Feed compiled SPIR-V binaries straight into the pipeline when another toolchain already owns shader compilation.",Windows / DX12|Linux / Vulkan|Android / Vulkan|Apple / Metal,,,assets/spirv shader compiled languaje.png,Direct SPIR-V input,,
feature-compute,feature,,Compute Shaders,,"Run massively parallel GPU workloads for particles, procedural generation, image processing, lighting, physics and advanced effects.",,Explore capability,capability-detail.html#compute,assets/compute.png,Yotsuba Framework Compute Shaders capability,,
feature-shaders,feature,,Support for 7 Shader Languages,,"Choose the shader language that fits each platform, including MGFX, FNAFX, Slang, HLSL, GLSL, MSL and direct SPIR-V input.",,Explore capability,capability-detail.html#shader-languages,assets/shaders.png?rev=3,Yotsuba Framework shader languages support,,
feature-mgfx,feature,,MGCB and MGFX support with DesktopVK Profile,,"Keep the familiar MGCB and MGFX pipeline and bring existing effect workflows forward into Yotsuba's modern graphics architecture.",,Explore capability,capability-detail.html#mgfx,assets/mgfx.png?rev=2,MGCB and MGFX support with DesktopVK Profile,,
feature-directx12,feature,,DirectX 12 on Windows,,"Use a native DirectX 12 rendering path on Windows for modern desktop GPUs while keeping the familiar XNA and MonoGame framework model.",,Explore capability,capability-detail.html#directx12,assets/Windows DirectX 12.png,Yotsuba Framework running DirectX 12 on Windows,,
feature-metal,feature,,Metal on Apple,,"Use a native Metal path across macOS, iOS and tvOS while keeping the same XNA-shaped framework workflow.",,Explore capability,capability-detail.html#metal,assets/metal.png,Yotsuba Framework running MonoGame with Metal on Apple,,
feature-vulkan,feature,,Vulkan on Android,,"Bring the same XNA-shaped framework workflow to Android through a native Vulkan path for modern mobile GPUs.",,Explore capability,capability-detail.html#android-vulkan,assets/vulkan android.png,Yotsuba Framework running Vulkan on Android,,
feature-animated-models,feature,,Animated 3D Models Support,,"Load and animate 3D models through a familiar content workflow, with the framework handling model data, skeletons and animation playback.",,Explore capability,capability-detail.html#animated-models,assets/animation models.png?rev=2,Yotsuba Framework animated 3D models support,,
feature-krita,feature,,Krita (.kra) illustrations are supported,,"Bring Krita illustrations directly into the project workflow and use layered .kra artwork as part of the visual pipeline.",,,,assets/Enuma Elish Bg.jpg,Krita illustration support in Yotsuba Framework,portrait,true
